EmployeeID,f_name,m_name,l_name,age,gender,phone,address,username,password
101,Austin,X,Shea,30,Male,8519201766,"76987 Andrew Place Suite 422
West Jared, ND 55254",austin.shea,H91Fp%h0@J
102,Allison,K,Hamilton,27,Male,807-401-2259,"0392 Justin Ramp
Howardmouth, DE 16970",allison.hamilton,JD0dR23h^L
103,Makayla,K,Martin,23,Male,(894)684-4514,"8280 Nolan Burg Apt. 354
South Nathan, NC 60992",makayla.martin,)99XC6ilPK
104,Rachel,q,Pruitt,22,Male,599-959-1160x370,"3447 Davis Ramp
Hernandeztown, IN 08075",rachel.pruitt,_OyDTk&n1O
105,Casey,b,Washington,29,Male,296-664-3317x46501,"428 Perry Haven Suite 966
Hillton, KY 31511",casey.washington,YGb5O7vGz$
106,James,k,Sherman,30,Male,2814474964,"8197 Michael Lodge Apt. 805
Valdezville, SD 26765",james.sherman,#NAME?
107,Maria,s,Shaw,58,Female,001-520-845-0406x275,"93282 Monica Ford
Davidfurt, CT 11348",maria.shaw,$EwSONg$e7
108,Lisa,s,Adams,45,Male,(241)772-0949x990,"703 Cook Hills
New Davidmouth, SD 96765",lisa.adams,7!5gS8FqSL
109,Thomas,X,Chandler,39,Female,+1-687-895-1076x99566,"615 Logan Path Apt. 820
North Chelseaport, OK 01495",thomas.chandler,(6SzHbBu#2
110,Jacqueline,d,Wilson,29,Female,(268)749-8773x323,"8899 Miller Run Suite 929
Sophiaview, CT 13548",jacqueline.wilson,h$v0miFgaz
111,Cassandra,I,Jarvis,34,Male,282-683-9268,"PSC 4425, Box 2412
APO AA 35139",cassandra.jarvis,Tb)x6CWp^0
112,Robert,y,Sanchez,41,Female,894.833.8872,"44862 Bullock Mission Apt. 873
Port Joseph, DE 98990",robert.sanchez,$8#4rNDkUj
113,Tammy,z,Rodriguez,49,Female,001-952-761-6923x089,"19850 Graham Path
South Jason, IL 30300",tammy.rodriguez,ATR2O5StH(
114,Jennifer,U,Archer,53,Male,001-609-508-8043x5963,"Unit 8014 Box 8686
DPO AE 22170",jennifer.archer,A1F1HiaGk!
115,Michael,j,Frazier,26,Female,966-931-8109x243,"5692 Kimberly Lights Suite 111
Guerratown, ID 82163",michael.frazier,Bk#!)Lv_@7
116,Mary,E,Parsons,32,Male,600.312.7845x33312,"1306 Mitchell Plains Apt. 815
Louismouth, UT 27570",mary.parsons,WkL5FWrx#^
117,Rachel,d,Murray,22,Female,861.429.1224,"1215 Horn Key
New Derrick, MA 18046",rachel.murray,(2KSCmw_vZ
118,Stephen,l,Chen,45,Female,001-329-343-3737x43604,"99085 Vanessa Points Apt. 752
Chadton, MA 80871",stephen.chen,$^L4YvQrmo
119,Angela,i,Yates,54,Male,(955)404-4186,"USS Gonzalez
FPO AE 87584",angela.yates,LT+2CM*dws
120,David,t,Mann,32,Female,001-219-694-9256x48729,"5980 Holly Course
Christytown, VT 24809",david.mann,0BoIG!Zp^*
121,Cindy,u,Wood,26,Male,001-300-611-0949x94940,"51999 Jackson Forge Suite 012
New James, VI 42029",cindy.wood,(#Wz6VvN1o
122,Rachel,t,Roberts,51,Female,481-708-5074,"987 David Trail Suite 807
North David, NC 50278",rachel.roberts,4+39&Zl8b_
123,Jesus,I,Smith,33,Female,001-486-493-0674,"01444 Anne Bypass
Lake Markland, UT 85623",jesus.smith,X@a90eSvi_
124,Connie,y,Adams,32,Female,-10406,"330 Bryant Greens Apt. 205
Ashleystad, MA 96537",connie.adams,hR3D8UkAg)
125,Allison,b,Foster,37,Female,+1-877-423-7954x9511,"6740 Margaret Pine
New Markhaven, CO 76926",allison.foster,5@1t6Q5M4b
126,Jeffrey,d,White,47,Female,6794629342,"Unit 0558 Box 2845
DPO AE 29655",jeffrey.white,)%fX7NjS0U
127,Richard,J,Santos,58,Male,001-628-675-6891x087,"263 Castillo Terrace
East Ashleyburgh, PA 14583",richard.santos,R(D6Xhtz_a
128,Jennifer,X,Stanley,49,Male,825.320.9852x78016,"217 Eric Islands
Montgomeryhaven, UT 05281",jennifer.stanley,sii8$C)o0_
129,Jessica,k,Richardson,53,Female,729-540-7135x17678,"11570 Smith Oval
North Raymond, IN 98068",jessica.richardson,T)a1Qh3pcs
130,Shane,u,Patel,47,Male,001-421-781-5221x5534,"827 Scott Lights
Pricechester, OH 96291",shane.patel,V1)Sdirk#Q
131,Daniel,L,Moyer,43,Male,913-811-7155x9127,"612 Dawn Ways Suite 543
Kevinview, KY 66545",daniel.moyer,P#71PIxx0z
132,Cynthia,S,Hurley,24,Female,770.397.7772,"80121 Patrick Knoll Apt. 614
Murphyfort, ND 72804",cynthia.hurley,!B6IdM1r_W
133,John,V,Gilbert,31,Female,732.475.6277x0847,"0806 Smith Station Apt. 746
Jeffreyville, AS 67022",john.gilbert,Y1iTiubo)7
134,Sarah,N,Mccoy,28,Female,+1-399-315-4346x709,"978 Rogers Radial
Patriciamouth, NY 39525",sarah.mccoy,*7tWwI1i4o
135,Mary,h,Thompson,30,Female,(258)869-8385x7516,"1120 Nathan Valley
Markville, WI 44957",mary.thompson,!*)8SHtOYo
136,Michael,D,Cardenas,59,Female,244.938.2381,"1181 Melinda Park Apt. 032
Frankland, WV 84994",michael.cardenas,m9+i0KqvFa
137,Stephanie,G,Hansen,35,Female,906.354.3653,"81917 Megan Branch Suite 817
East Jose, AL 37661",stephanie.hansen,1@&rIjZe@N
138,Patricia,h,Brown,49,Male,(726)271-4532x183,"904 Wells Expressway
Garciafort, VI 45634",patricia.brown,j1M22Fq7g(
139,Laura,k,Long,36,Female,(963)375-1401,"529 Phillips Ville Suite 443
North Kimberly, MO 65306",laura.long,$sq^P4BnA5
140,Katie,Q,Fisher,48,Male,001-348-576-4455x03179,"35443 Michelle Extension
East Thomasport, MP 82115",katie.fisher,_HQ^z7Zp76